ip_address,country,region,city,isp
192.168.1.1,GB,London,London,Vodafone
192.168.1.2,US,California,Los Angeles,Comcast
192.168.1.3,DE,Bavaria,Munich,Deutsche Telekom
192.168.1.4,GB,London,London,Vodafone
192.168.1.5,CA,Ontario,Toronto,AT&T
192.168.1.6,US,California,Los Angeles,Comcast
192.168.1.7,DE,Bavaria,Munich,Deutsche Telekom
192.168.1.8,US,California,Los Angeles,Comcast
192.168.1.9,CA,Ontario,Toronto,AT&T
192.168.1.10,IN,Telangana,Hyderabad,Airtel
192.168.1.11,US,California,Los Angeles,Comcast
192.168.1.12,US,California,Los Angeles,Comcast
192.168.1.13,GB,London,London,Vodafone
192.168.1.14,CA,Ontario,Toronto,AT&T
192.168.1.15,CA,Ontario,Toronto,AT&T
192.168.1.16,IN,Telangana,Hyderabad,Airtel
192.168.1.17,CA,Ontario,Toronto,AT&T
192.168.1.18,US,California,Los Angeles,Comcast
192.168.1.19,IN,Telangana,Hyderabad,Airtel
192.168.1.20,CA,Ontario,Toronto,AT&T
192.168.1.21,IN,Telangana,Hyderabad,Airtel
192.168.1.22,CA,Ontario,Toronto,AT&T
192.168.1.23,CA,Ontario,Toronto,AT&T
192.168.1.24,GB,London,London,Vodafone
192.168.1.25,CA,Ontario,Toronto,AT&T
192.168.1.26,IN,Telangana,Hyderabad,Airtel
192.168.1.27,US,California,Los Angeles,Comcast
192.168.1.28,GB,London,London,Vodafone
192.168.1.29,CA,Ontario,Toronto,AT&T
192.168.1.30,CA,Ontario,Toronto,AT&T
